id,name,email
1,John Doe,johndoe@example.com
2,Jane Smith,janesmith@example.com
3,Michael Brown,michaelbrown@example.com
4,Emily Davis,emilydavis@example.com
5,Daniel Wilson,danielwilson@example.com
6,Sarah Taylor,sarahtaylor@example.com
7,David Anderson,davidanderson@example.com
8,Laura Thomas,laurathomas@example.com
9,Chris Martinez,chrismartinez@example.com
10,Jessica Lee,jessicalee@example.com
11,James White,jameswhite@example.com
12,Amy Harris,amyharris@example.com
13,Brian Clark,brianclark@example.com
14,Angela Young,angelayoung@example.com
15,Eric Hall,erichall@example.com
16,Rachel Allen,rachelallen@example.com
17,Patrick King,patrickking@example.com
18,Melissa Wright,melissawright@example.com
19,Mark Scott,markscott@example.com
20,Linda Green,lindagreen@example.com
